<?xml version="1.0" encoding="UTF-8"?>
<root>
  <item name="com.google.android.agera.rvdatabinding.DataBindingLayoutPresenters.Builder com.google.android.agera.rvdatabinding.DataBindingLayoutPresenters.Builder onRecycle(int) 0">
    <annotation name="androidx.annotation.IntDef">
      <val name="flag" val="true" />
      <val name="value" val="{com.google.android.agera.rvdatabinding.RecycleConfig.DO_NOTHING, com.google.android.agera.rvdatabinding.RecycleConfig.CLEAR_ITEM, com.google.android.agera.rvdatabinding.RecycleConfig.CLEAR_COLLECTION, com.google.android.agera.rvdatabinding.RecycleConfig.CLEAR_HANDLERS, com.google.android.agera.rvdatabinding.RecycleConfig.CLEAR_ALL}" />
    </annotation>
  </item>
  <item name="com.google.android.agera.rvdatabinding.DataBindingLayoutPresenters.Builder recycleConfig">
    <annotation name="androidx.annotation.IntDef">
      <val name="flag" val="true" />
      <val name="value" val="{com.google.android.agera.rvdatabinding.RecycleConfig.DO_NOTHING, com.google.android.agera.rvdatabinding.RecycleConfig.CLEAR_ITEM, com.google.android.agera.rvdatabinding.RecycleConfig.CLEAR_COLLECTION, com.google.android.agera.rvdatabinding.RecycleConfig.CLEAR_HANDLERS, com.google.android.agera.rvdatabinding.RecycleConfig.CLEAR_ALL}" />
    </annotation>
  </item>
  <item name="com.google.android.agera.rvdatabinding.DataBindingRepositoryPresenterCompiler com.google.android.agera.rvdatabinding.DataBindingRepositoryPresenterCompilerStates.DBRPMain onRecycle(int) 0">
    <annotation name="androidx.annotation.IntDef">
      <val name="flag" val="true" />
      <val name="value" val="{com.google.android.agera.rvdatabinding.RecycleConfig.DO_NOTHING, com.google.android.agera.rvdatabinding.RecycleConfig.CLEAR_ITEM, com.google.android.agera.rvdatabinding.RecycleConfig.CLEAR_COLLECTION, com.google.android.agera.rvdatabinding.RecycleConfig.CLEAR_HANDLERS, com.google.android.agera.rvdatabinding.RecycleConfig.CLEAR_ALL}" />
    </annotation>
  </item>
  <item name="com.google.android.agera.rvdatabinding.DataBindingRepositoryPresenterCompiler recycleConfig">
    <annotation name="androidx.annotation.IntDef">
      <val name="flag" val="true" />
      <val name="value" val="{com.google.android.agera.rvdatabinding.RecycleConfig.DO_NOTHING, com.google.android.agera.rvdatabinding.RecycleConfig.CLEAR_ITEM, com.google.android.agera.rvdatabinding.RecycleConfig.CLEAR_COLLECTION, com.google.android.agera.rvdatabinding.RecycleConfig.CLEAR_HANDLERS, com.google.android.agera.rvdatabinding.RecycleConfig.CLEAR_ALL}" />
    </annotation>
  </item>
  <item name="com.google.android.agera.rvdatabinding.DataBindingRepositoryPresenterCompiler.CompiledRepositoryPresenter recycleConfig">
    <annotation name="androidx.annotation.IntDef">
      <val name="flag" val="true" />
      <val name="value" val="{com.google.android.agera.rvdatabinding.RecycleConfig.DO_NOTHING, com.google.android.agera.rvdatabinding.RecycleConfig.CLEAR_ITEM, com.google.android.agera.rvdatabinding.RecycleConfig.CLEAR_COLLECTION, com.google.android.agera.rvdatabinding.RecycleConfig.CLEAR_HANDLERS, com.google.android.agera.rvdatabinding.RecycleConfig.CLEAR_ALL}" />
    </annotation>
  </item>
  <item name="com.google.android.agera.rvdatabinding.DataBindingRepositoryPresenterCompilerStates.DBRPMain com.google.android.agera.rvdatabinding.DataBindingRepositoryPresenterCompilerStates.DBRPMain&lt;T&gt; onRecycle(int) 0">
    <annotation name="androidx.annotation.IntDef">
      <val name="flag" val="true" />
      <val name="value" val="{com.google.android.agera.rvdatabinding.RecycleConfig.DO_NOTHING, com.google.android.agera.rvdatabinding.RecycleConfig.CLEAR_ITEM, com.google.android.agera.rvdatabinding.RecycleConfig.CLEAR_COLLECTION, com.google.android.agera.rvdatabinding.RecycleConfig.CLEAR_HANDLERS, com.google.android.agera.rvdatabinding.RecycleConfig.CLEAR_ALL}" />
    </annotation>
  </item>
  <item name="com.google.android.agera.rvdatabinding.RecycleConfig">
    <annotation name="androidx.annotation.IntDef">
      <val name="flag" val="true" />
      <val name="value" val="{com.google.android.agera.rvdatabinding.RecycleConfig.DO_NOTHING, com.google.android.agera.rvdatabinding.RecycleConfig.CLEAR_ITEM, com.google.android.agera.rvdatabinding.RecycleConfig.CLEAR_COLLECTION, com.google.android.agera.rvdatabinding.RecycleConfig.CLEAR_HANDLERS, com.google.android.agera.rvdatabinding.RecycleConfig.CLEAR_ALL}" />
    </annotation>
  </item>
</root>

